{"cameraMode":{"drawMode":0,"name":"Shaded","section":"Shading Mode"},"sceneLighting":true,"audioPlay":false,"sceneViewState":{"showFog":true,"showMaterialUpdate":false,"showSkybox":true,"showFlares":true,"showImageEffects":true,"showParticleSystems":true,"showVisualEffectGraphs":true,"m_FxEnabled":true},"in2DMode":false,"pivot":{"x":534.3519897460938,"y":295.52838134765627,"z":-162.821044921875},"rotation":{"x":-0.017306117340922357,"y":-0.01866191066801548,"z":0.0009063011966645718,"w":-0.999853253364563},"size":217.84129333496095,"orthographic":false}